{
  "chat": {
    "steps/chat-api.step.ts": {
      "x": 300.82955664582096,
      "y": 61.25983698969445
    },
    "steps/ai-response.step.ts": {
      "x": 305.23563098529075,
      "y": 339.735086429314
    }
  }
}